车系ID,车型,动力形式,纯电续航里程(km)工信部,纯电续航里程(km)CLTC,高压快充平台,充电时间,快充电量(%),电池类型,电芯品牌,电池容量(kWh),电池能量密度(Wh/kg),电动机,电机类型,电动机总功率,电动机总功率(kW),电动机总马力,电动机总马力(Ps),电动机总扭矩,电动机总扭矩(Nm),前电动机最大扭矩,前电动机最大扭矩(Nm),前电动机最大功率,前电动机最大功率(kW),后电动机最大扭矩,后电动机最大扭矩(Nm),后电动机最大功率,后电动机最大功率(kW),驱动电机数,电机布局
3503,埃安AION LX PLUS 80 智尊版,纯电动,650,未明确显示,未明确显示,未明确显示,未明确显示,三元锂电池,中创新航,93.3,180.0,未明确显示,未明确显示,未明确显示,未明确显示,未明确显示,未明确显示,未明确显示,未明确显示,未明确显示,未明确显示,未明确显示,未明确显示,未明确显示,未明确显示,未明确显示,未明确显示,未明确显示,未明确显示
3503,埃安AION LX PLUS 80D 旗舰版,纯电动,600,未明确显示,未明确显示,未明确显示,未明确显示,三元锂电池,中创新航,93.3,175.0,未明确显示,未明确显示,未明确显示,未明确显示,未明确显示,未明确显示,未明确显示,未明确显示,未明确显示,未明确显示,未明确显示,未明确显示,未明确显示,未明确显示,未明确显示,未明确显示,未明确显示,未明确显示
3503,埃安AION LX PLUS 80D Max版,纯电动,600,未明确显示,未明确显示,未明确显示,未明确显示,三元锂电池,中创新航,93.3,175.0,未明确显示,未明确显示,未明确显示,未明确显示,未明确显示,未明确显示,未明确显示,未明确显示,未明确显示,未明确显示,未明确显示,未明确显示,未明确显示,未明确显示,未明确显示,未明确显示,未明确显示,未明确显示
3503,埃安AION LX PLUS 千里版,纯电动,1008,未明确显示,未明确显示,未明确显示,未明确显示,三元锂电池,未明确显示,144.4,未明确显示,未明确显示,未明确显示,未明确显示,未明确显示,未明确显示,未明确显示,未明确显示,未明确显示,未明确显示,未明确显示,未明确显示,未明确显示,未明确显示,未明确显示,未明确显示,未明确显示,未明确显示,未明确显示
6116,远航汽车远航H9 650km 四驱奢享版,纯电动,650,650,800V,快充18分钟,80,三元锂电池,亿纬锂能,98,未明确显示,纯电动双电机,未明确显示,未明确显示,未明确显示,未明确显示,未明确显示,未明确显示,未明确显示,未明确显示,未明确显示,未明确显示,未明确显示,未明确显示,未明确显示,未明确显示,未明确显示,双电机,前置+后置
6116,远航汽车远航H9 840km 四驱奢享版,纯电动,840,840,800V,快充18分钟,80,三元锂电池,未明确显示,120,未明确显示,纯电动双电机,未明确显示,未明确显示,未明确显示,未明确显示,未明确显示,未明确显示,未明确显示,未明确显示,未明确显示,未明确显示,未明确显示,未明确显示,未明确显示,未明确显示,未明确显示,双电机,前置+后置
6116,远航汽车远航H9 950km 四驱远航版,纯电动,950,950,800V,快充18分钟,80,三元锂电池,未明确显示,150,未明确显示,纯电动双电机,未明确显示,未明确显示,未明确显示,未明确显示,未明确显示,未明确显示,未明确显示,未明确显示,未明确显示,未明确显示,未明确显示,未明确显示,未明确显示,未明确显示,未明确显示,双电机,前置+后置
10177,岚图岚图知音 后驱乾崑版,纯电动,650,650,800V,快充10分钟,20-80,磷酸铁锂电池,宁德时代,81,未明确显示,纯电动单电机,未明确显示,未明确显示,未明确显示,未明确显示,未明确显示,未明确显示,未明确显示,未明确显示,未明确显示,未明确显示,未明确显示,未明确显示,未明确显示,未明确显示,未明确显示,单电机,后置
10177,岚图岚图知音 四驱乾崑版,纯电动,600,600,800V,快充10分钟,20-80,磷酸铁锂电池,宁德时代,81,未明确显示,纯电动双电机,未明确显示,未明确显示,未明确显示,未明确显示,未明确显示,未明确显示,未明确显示,未明确显示,未明确显示,未明确显示,未明确显示,未明确显示,未明确显示,未明确显示,未明确显示,双电机,前置+后置
10177,岚图岚图知音 超长续航乾崑版,纯电动,901,901,800V,快充32分钟,20-80,三元锂电池,宁德时代,112,未明确显示,未明确显示,未明确显示,未明确显示,未明确显示,未明确显示,未明确显示,未明确显示,未明确显示,未明确显示,未明确显示,未明确显示,未明确显示,未明确显示,未明确显示,未明确显示,未明确显示,未明确显示,未明确显示
10177,岚图岚图知音 长续航超充版,纯电动,650,650,800V,快充10分钟,10-80,磷酸铁锂电池,宁德时代,79,未明确显示,未明确显示,未明确显示,未明确显示,未明确显示,未明确显示,未明确显示,未明确显示,未明确显示,未明确显示,未明确显示,未明确显示,未明确显示,未明确显示,未明确显示,未明确显示,未明确显示,未明确显示,未明确显示
10177,岚图岚图知音 超长续航智享版,纯电动,901,901,800V,快充32分钟,10-80,三元锂电池,宁德时代,109,未明确显示,未明确显示,未明确显示,未明确显示,未明确显示,未明确显示,未明确显示,未明确显示,未明确显示,未明确显示,未明确显示,未明确显示,未明确显示,未明确显示,未明确显示,未明确显示,未明确显示,未明确显示,未明确显示
20041,小米汽车小米YU7 后驱标准版,纯电动,643,643,800V,快充20分钟,10-80,磷酸铁锂电池,宁德时代,73,未明确显示,纯电动单电机,未明确显示,未明确显示,未明确显示,未明确显示,未明确显示,未明确显示,未明确显示,未明确显示,未明确显示,未明确显示,未明确显示,未明确显示,未明确显示,未明确显示,未明确显示,单电机,后置
20041,小米汽车小米YU7 四驱GT,纯电动,705,705,800V,快充12分钟,10-80,三元锂电池,宁德时代,101.7,未明确显示,纯电动双电机,未明确显示,未明确显示,未明确显示,未明确显示,未明确显示,未明确显示,未明确显示,未明确显示,未明确显示,未明确显示,未明确显示,未明确显示,未明确显示,未明确显示,未明确显示,双电机,前置+后置
20041,小米汽车小米YU7 后驱长续航版,纯电动,835,835,800V,快充21分钟,10-80,磷酸铁锂电池,弗迪/宁德时代,96.3,未明确显示,纯电动单电机,未明确显示,未明确显示,未明确显示,未明确显示,未明确显示,未明确显示,未明确显示,未明确显示,未明确显示,未明确显示,未明确显示,未明确显示,未明确显示,未明确显示,未明确显示,单电机,后置
20041,小米汽车小米YU7 四驱Pro版,纯电动,770,770,800V,快充21分钟,10-80,磷酸铁锂电池,弗迪/宁德时代,96.3,未明确显示,纯电动双电机,未明确显示,未明确显示,未明确显示,未明确显示,未明确显示,未明确显示,未明确显示,未明确显示,未明确显示,未明确显示,未明确显示,未明确显示,未明确显示,未明确显示,未明确显示,双电机,前置+后置
20041,小米汽车小米YU7 四驱Max版,纯电动,760,760,800V,快充12分钟,10-80,三元锂电池,宁德时代,101.7,未明确显示,纯电动双电机,未明确显示,未明确显示,未明确显示,未明确显示,未明确显示,未明确显示,未明确显示,未明确显示,未明确显示,未明确显示,未明确显示,未明确显示,未明确显示,未明确显示,未明确显示,双电机,前置+后置
9345,广汽昊铂昊铂HT 670 Max版,纯电动,672,672,800V,快充15分钟 / 慢充13.4小时,30-80,磷酸铁锂电池,亿纬动力,83.3,未明确显示,未明确显示,未明确显示,未明确显示,未明确显示,未明确显示,未明确显示,未明确显示,未明确显示,未明确显示,未明确显示,未明确显示,未明确显示,未明确显示,未明确显示,未明确显示,未明确显示,未明确显示,未明确显示
9345,广汽昊铂昊铂HT 825 Pro版,纯电动,825,825,800V,快充15分钟 / 慢充16.5小时,30-80,三元锂电池,中创新航,99.5,未明确显示,未明确显示,未明确显示,未明确显示,未明确显示,未明确显示,未明确显示,未明确显示,未明确显示,未明确显示,未明确显示,未明确显示,未明确显示,未明确显示,未明确显示,未明确显示,未明确显示,未明确显示,未明确显示
9345,广汽昊铂昊铂HT 825 Max版,纯电动,825,825,800V,快充15分钟 / 慢充16.5小时,30-80,三元锂电池,中创新航,99.5,未明确显示,未明确显示,未明确显示,未明确显示,未明确显示,未明确显示,未明确显示,未明确显示,未明确显示,未明确显示,未明确显示,未明确显示,未明确显示,未明确显示,未明确显示,未明确显示,未明确显示,未明确显示,未明确显示
4363,特斯拉Model Y 后轮驱动版,纯电动,593,593,400V,未明确显示,20-80,磷酸铁锂电池,宁德时代,62.5,未明确显示,纯电动单电机,未明确显示,未明确显示,未明确显示,未明确显示,未明确显示,未明确显示,未明确显示,未明确显示,未明确显示,未明确显示,未明确显示,未明确显示,未明确显示,未明确显示,未明确显示,单电机,后置
4363,特斯拉Model Y 长续航后轮驱动版,纯电动,821,821,400V,未明确显示,20-80,三元锂电池,LG,78.4,168.0,纯电动单电机,未明确显示,未明确显示,未明确显示,未明确显示,未明确显示,未明确显示,未明确显示,未明确显示,未明确显示,未明确显示,未明确显示,未明确显示,未明确显示,未明确显示,未明确显示,单电机,后置
4363,特斯拉Model Y 长续航全轮驱动版,纯电动,750,750,400V,未明确显示,20-80,三元锂电池,LG,78.4,168.0,纯电动双电机,未明确显示,未明确显示,未明确显示,未明确显示,未明确显示,未明确显示,未明确显示,未明确显示,未明确显示,未明确显示,未明确显示,未明确显示,未明确显示,未明确显示,未明确显示,双电机,前置+后置
5308,阿维塔阿维塔 11 Max后驱纯电版,纯电动,815,815,800V,快充25分钟 / 慢充13.5小时,30-80,三元锂电池,宁德时代,116.79,190.0,纯电动单电机,未明确显示,未明确显示,未明确显示,未明确显示,未明确显示,未明确显示,未明确显示,未明确显示,未明确显示,未明确显示,未明确显示,未明确显示,未明确显示,未明确显示,未明确显示,单电机,后置
5308,阿维塔阿维塔 11 Max四驱纯电版,纯电动,760,760,800V,快充25分钟 / 慢充13.5小时,30-80,三元锂电池,宁德时代,116.79,190.0,纯电动双电机,未明确显示,未明确显示,未明确显示,未明确显示,未明确显示,未明确显示,未明确显示,未明确显示,未明确显示,未明确显示,未明确显示,未明确显示,未明确显示,未明确显示,未明确显示,双电机,前置+后置
5308,阿维塔阿维塔 11 改款 Ultra四驱纯电版,纯电动,760,760,800V,快充25分钟 / 慢充13.5小时,30-80,三元锂电池,宁德时代,116.79,190.0,纯电动双电机,未明确显示,未明确显示,未明确显示,未明确显示,未明确显示,未明确显示,未明确显示,未明确显示,未明确显示,未明确显示,未明确显示,未明确显示,未明确显示,未明确显示,未明确显示,双电机,前置+后置
5308,阿维塔阿维塔 11 暗夜骑士版,纯电动,760,760,800V,快充25分钟 / 慢充13.5小时,30-80,三元锂电池,宁德时代,116.79,190.0,未明确显示,未明确显示,未明确显示,未明确显示,未明确显示,未明确显示,未明确显示,未明确显示,未明确显示,未明确显示,未明确显示,未明确显示,未明确显示,未明确显示,未明确显示,未明确显示,未明确显示,未明确显示
5308,阿维塔阿维塔 11 改款 皇家剧院版,纯电动,760,760,800V,快充25分钟 / 慢充13.5小时,30-80,三元锂电池,宁德时代,116.79,190.0,未明确显示,未明确显示,未明确显示,未明确显示,未明确显示,未明确显示,未明确显示,未明确显示,未明确显示,未明确显示,未明确显示,未明确显示,未明确显示,未明确显示,未明确显示,未明确显示,未明确显示,未明确显示
9778,极氪ZEEKR 7X 75kWh后驱 Max版,纯电动,620,620,800V,快充11分钟 / 慢充10.7小时,10-80,磷酸铁锂电池,衢州极电,75,未明确显示,纯电动单电机,未明确显示,未明确显示,未明确显示,未明确显示,未明确显示,未明确显示,未明确显示,未明确显示,未明确显示,未明确显示,未明确显示,未明确显示,未明确显示,未明确显示,未明确显示,单电机,后置
9778,极氪ZEEKR 7X 103kWh后驱 Max版,纯电动,802,802,900V,快充10分钟 / 慢充14.7小时,10-80,三元锂电池,时代吉利,103,未明确显示,纯电动单电机,未明确显示,未明确显示,未明确显示,未明确显示,未明确显示,未明确显示,未明确显示,未明确显示,未明确显示,未明确显示,未明确显示,未明确显示,未明确显示,未明确显示,未明确显示,单电机,后置
9778,极氪ZEEKR 7X 103kWh四驱 Ultra版,纯电动,715,715,900V,快充10分钟 / 慢充14.7小时,10-80,三元锂电池,时代吉利,103,未明确显示,纯电动双电机,未明确显示,未明确显示,未明确显示,未明确显示,未明确显示,未明确显示,未明确显示,未明确显示,未明确显示,未明确显示,未明确显示,未明确显示,未明确显示,未明确显示,未明确显示,双电机,前置+后置
9778,极氪ZEEKR 7X 75kWh 后驱智驾版,纯电动,605,605,800V,快充11分钟 / 慢充10.7小时,10-80,磷酸铁锂电池,衢州极电,75,未明确显示,纯电动单电机,未明确显示,未明确显示,未明确显示,未明确显示,未明确显示,未明确显示,未明确显示,未明确显示,未明确显示,未明确显示,未明确显示,未明确显示,未明确显示,未明确显示,未明确显示,单电机,后置
9778,极氪ZEEKR 7X 100kWh 长续航后驱智驾版,纯电动,780,780,800V,快充15分钟 / 慢充14.29小时,10-80,三元锂电池,时代吉利,100,未明确显示,纯电动单电机,未明确显示,未明确显示,未明确显示,未明确显示,未明确显示,未明确显示,未明确显示,未明确显示,未明确显示,未明确显示,未明确显示,未明确显示,未明确显示,未明确显示,未明确显示,单电机,后置
9778,极氪ZEEKR 7X 100kWh 长续航四驱智驾版,纯电动,705,705,800V,快充15分钟 / 慢充14.29小时,10-80,三元锂电池,时代吉利,100,未明确显示,纯电动双电机,未明确显示,未明确显示,未明确显示,未明确显示,未明确显示,未明确显示,未明确显示,未明确显示,未明确显示,未明确显示,未明确显示,未明确显示,未明确显示,未明确显示,未明确显示,双电机,前置+后置
10180,智界智界R7 纯电 Max(192线激光雷达),纯电动,667,667,800V,快充15分钟,30-80,三元锂电池,中创新航,82,未明确显示,未明确显示,未明确显示,未明确显示,未明确显示,未明确显示,未明确显示,未明确显示,未明确显示,未明确显示,未明确显示,未明确显示,未明确显示,未明确显示,未明确显示,未明确显示,未明确显示,未明确显示,未明确显示
10180,智界智界R7 纯电 Max+(192线激光雷达),纯电动,802,802,800V,快充15分钟,30-80,三元锂电池,江苏时代,100,未明确显示,未明确显示,未明确显示,未明确显示,未明确显示,未明确显示,未明确显示,未明确显示,未明确显示,未明确显示,未明确显示,未明确显示,未明确显示,未明确显示,未明确显示,未明确显示,未明确显示,未明确显示,未明确显示
10180,智界智界R7 纯电 UItra(192线激光雷达),纯电动,736,736,800V,快充15分钟,30-80,三元锂电池,江苏时代,100,未明确显示,未明确显示,未明确显示,未明确显示,未明确显示,未明确显示,未明确显示,未明确显示,未明确显示,未明确显示,未明确显示,未明确显示,未明确显示,未明确显示,未明确显示,未明确显示,未明确显示,未明确显示,未明确显示
10180,智界智界R7 纯电 Max(896线激光雷达),纯电动,667,667,800V,快充15分钟,30-80,三元锂电池,中创新航,82,未明确显示,未明确显示,未明确显示,未明确显示,未明确显示,未明确显示,未明确显示,未明确显示,未明确显示,未明确显示,未明确显示,未明确显示,未明确显示,未明确显示,未明确显示,未明确显示,未明确显示,未明确显示,未明确显示
10180,智界智界R7 纯电 Max+(896线激光雷达),纯电动,802,802,800V,快充15分钟,30-80,三元锂电池,江苏时代,100,未明确显示,未明确显示,未明确显示,未明确显示,未明确显示,未明确显示,未明确显示,未明确显示,未明确显示,未明确显示,未明确显示,未明确显示,未明确显示,未明确显示,未明确显示,未明确显示,未明确显示,未明确显示,未明确显示
10180,智界智界R7 纯电 UItra(896线激光雷达),纯电动,736,736,800V,快充15分钟,30-80,三元锂电池,江苏时代,100,未明确显示,未明确显示,未明确显示,未明确显示,未明确显示,未明确显示,未明确显示,未明确显示,未明确显示,未明确显示,未明确显示,未明确显示,未明确显示,未明确显示,未明确显示,未明确显示,未明确显示,未明确显示,未明确显示
10162,红旗红旗天工06 700 长续航版,纯电动,700,700,400V,快充20分钟,10-80,磷酸铁锂电池,宁德时代/中汽新能,85,未明确显示,未明确显示,未明确显示,未明确显示,未明确显示,未明确显示,未明确显示,未明确显示,未明确显示,未明确显示,未明确显示,未明确显示,未明确显示,未明确显示,未明确显示,未明确显示,未明确显示,未明确显示,未明确显示
10162,红旗红旗天工06 660 四驱性能版,纯电动,660,660,400V,快充20分钟,10-80,磷酸铁锂电池,宁德时代/中汽新能,85,未明确显示,纯电动双电机,未明确显示,未明确显示,未明确显示,未明确显示,未明确显示,未明确显示,未明确显示,未明确显示,未明确显示,未明确显示,未明确显示,未明确显示,未明确显示,未明确显示,未明确显示,双电机,前置+后置
10162,红旗红旗天工06 780 智选版,纯电动,780,780,900V,快充12分钟,10-80,三元锂电池,宁德时代,98,未明确显示,未明确显示,未明确显示,未明确显示,未明确显示,未明确显示,未明确显示,未明确显示,未明确显示,未明确显示,未明确显示,未明确显示,未明确显示,未明确显示,未明确显示,未明确显示,未明确显示,未明确显示,未明确显示
10162,红旗红旗天工06 730 四驱智选版,纯电动,730,730,900V,快充12分钟,10-80,三元锂电池,宁德时代,98,未明确显示,纯电动双电机,未明确显示,未明确显示,未明确显示,未明确显示,未明确显示,未明确显示,未明确显示,未明确显示,未明确显示,未明确显示,未明确显示,未明确显示,未明确显示,未明确显示,未明确显示,双电机,前置+后置
5805,奔驰EQS SUV 2025款 EQS 500 4MATIC,纯电动,777,777,未明确显示,快充35分钟 慢充17小时,10-80,三元锂电池,未明确显示,122,未明确显示,纯电动双电机,未明确显示,未明确显示,未明确显示,未明确显示,未明确显示,未明确显示,未明确显示,未明确显示,未明确显示,未明确显示,未明确显示,未明确显示,未明确显示,未明确显示,未明确显示,双电机,前置+后置
25079,奥迪Q6L Sportback e-tron 2026款 长续航版,纯电动,677,677,800V,快充25分钟,10-80,磷酸铁锂电池,弗迪,95,143.5,未明确显示,未明确显示,未明确显示,未明确显示,未明确显示,未明确显示,未明确显示,未明确显示,未明确显示,未明确显示,未明确显示,未明确显示,未明确显示,未明确显示,未明确显示,未明确显示,未明确显示,未明确显示
25079,奥迪Q6L Sportback e-tron 2026款 超长续航乾崑智驾版,纯电动,715,715,800V,快充21分钟,10-80,三元锂电池,宁德时代,107,173.2,未明确显示,未明确显示,未明确显示,未明确显示,未明确显示,未明确显示,未明确显示,未明确显示,未明确显示,未明确显示,未明确显示,未明确显示,未明确显示,未明确显示,未明确显示,未明确显示,未明确显示,未明确显示
25079,奥迪Q6L Sportback e-tron 2026款 quattro乾崑智驾版,纯电动,675,675,800V,快充21分钟,10-80,三元锂电池,宁德时代,107,173.2,纯电动双电机,未明确显示,未明确显示,未明确显示,未明确显示,未明确显示,未明确显示,未明确显示,未明确显示,未明确显示,未明确显示,未明确显示,未明确显示,未明确显示,未明确显示,未明确显示,双电机,前置+后置
25079,奥迪Q6L Sportback e-tron 2026款 超长续航版,纯电动,765,765,800V,快充21分钟,10-80,三元锂电池,宁德时代,107,173.2,未明确显示,未明确显示,未明确显示,未明确显示,未明确显示,未明确显示,未明确显示,未明确显示,未明确显示,未明确显示,未明确显示,未明确显示,未明确显示,未明确显示,未明确显示,未明确显示,未明确显示,未明确显示
25079,奥迪Q6L Sportback e-tron 2026款 首发领航版,纯电动,715,715,未明确显示,快充21分钟,10-80,三元锂电池,宁德时代,107,173.2,未明确显示,未明确显示,未明确显示,未明确显示,未明确显示,未明确显示,未明确显示,未明确显示,未明确显示,未明确显示,未明确显示,未明确显示,未明确显示,未明确显示,未明确显示,未明确显示,未明确显示,未明确显示
8966,星纪元ET 2025款 纯电版 Max城区辅助驾驶,纯电动,760,760,400V,快充15分钟 慢充16.5小时,30-80,三元锂电池,宁德时代,100,190.0,未明确显示,未明确显示,未明确显示,未明确显示,未明确显示,未明确显示,未明确显示,未明确显示,未明确显示,未明确显示,未明确显示,未明确显示,未明确显示,未明确显示,未明确显示,未明确显示,未明确显示,未明确显示
8966,星纪元ET 2025款 纯电版 Ultra四驱城区辅助驾驶,纯电动,655,655,未明确显示,快充15分钟 慢充16.5小时,30-80,三元锂电池,宁德时代,100,190.0,纯电动双电机,未明确显示,未明确显示,未明确显示,未明确显示,未明确显示,未明确显示,未明确显示,未明确显示,未明确显示,未明确显示,未明确显示,未明确显示,未明确显示,未明确显示,未明确显示,双电机,前置+后置
25994,钛7 EV 2026款 755KM后驱闪充版,纯电动,755,755,未明确显示,快充5分钟,10-70,磷酸铁锂电池,弗迪,105.7,未明确显示,纯电动单电机,未明确显示,未明确显示,未明确显示,未明确显示,未明确显示,未明确显示,未明确显示,未明确显示,未明确显示,未明确显示,未明确显示,未明确显示,未明确显示,未明确显示,未明确显示,单电机,后置
25994,钛7 EV 2026款 675KM四驱闪充版,纯电动,675,675,未明确显示,快充5分钟,10-70,磷酸铁锂电池,弗迪,105.7,未明确显示,纯电动双电机,未明确显示,未明确显示,未明确显示,未明确显示,未明确显示,未明确显示,未明确显示,未明确显示,未明确显示,未明确显示,未明确显示,未明确显示,未明确显示,未明确显示,未明确显示,双电机,前置+后置
5832,Polestar 4 2025款 豪华版,纯电动,755,755,未明确显示,快充30分钟 慢充17.5小时,10-80,三元锂电池,时代吉利,100,未明确显示,未明确显示,未明确显示,未明确显示,未明确显示,未明确显示,未明确显示,未明确显示,未明确显示,未明确显示,未明确显示,未明确显示,未明确显示,未明确显示,未明确显示,未明确显示,未明确显示,未明确显示,未明确显示
5832,Polestar 4 2025款 性能版,纯电动,620,620,未明确显示,快充30分钟 慢充17.5小时,10-80,三元锂电池,时代吉利,100,未明确显示,未明确显示,未明确显示,未明确显示,未明确显示,未明确显示,未明确显示,未明确显示,未明确显示,未明确显示,未明确显示,未明确显示,未明确显示,未明确显示,未明确显示,未明确显示,未明确显示,未明确显示,未明确显示
9440,奥迪Q6L e-tron 2026款 长续航版,纯电动,672,672,800V,快充25分钟,10-80,磷酸铁锂电池,弗迪,95,143.5,未明确显示,未明确显示,未明确显示,未明确显示,未明确显示,未明确显示,未明确显示,未明确显示,未明确显示,未明确显示,未明确显示,未明确显示,未明确显示,未明确显示,未明确显示,未明确显示,未明确显示,未明确显示
9440,奥迪Q6L e-tron 2026款 超长续航乾崑智驾版,纯电动,709,709,800V,快充21分钟,10-80,三元锂电池,宁德时代,107,173.2,未明确显示,未明确显示,未明确显示,未明确显示,未明确显示,未明确显示,未明确显示,未明确显示,未明确显示,未明确显示,未明确显示,未明确显示,未明确显示,未明确显示,未明确显示,未明确显示,未明确显示,未明确显示
9440,奥迪Q6L e-tron 2026款 quattro乾崑智驾版,纯电动,668,668,800V,快充21分钟,10-80,三元锂电池,宁德时代,107,173.2,纯电动双电机,未明确显示,未明确显示,未明确显示,未明确显示,未明确显示,未明确显示,未明确显示,未明确显示,未明确显示,未明确显示,未明确显示,未明确显示,未明确显示,未明确显示,未明确显示,双电机,前置+后置
9440,奥迪Q6L e-tron 2026款 超长续航版,纯电动,752,752,800V,快充21分钟,10-80,三元锂电池,宁德时代,107,173.2,未明确显示,未明确显示,未明确显示,未明确显示,未明确显示,未明确显示,未明确显示,未明确显示,未明确显示,未明确显示,未明确显示,未明确显示,未明确显示,未明确显示,未明确显示,未明确显示,未明确显示,未明确显示
9440,奥迪Q6L e-tron 2026款 首发领航版,纯电动,709,709,未明确显示,快充21分钟,10-80,三元锂电池,宁德时代,107,173.2,未明确显示,未明确显示,未明确显示,未明确显示,未明确显示,未明确显示,未明确显示,未明确显示,未明确显示,未明确显示,未明确显示,未明确显示,未明确显示,未明确显示,未明确显示,未明确显示,未明确显示,未明确显示
25651,Model Y L 2026款 标准版,纯电动,751,751,400V,未明确显示,未明确显示,三元锂电池,LG,82,未明确显示,未明确显示,未明确显示,未明确显示,未明确显示,未明确显示,未明确显示,未明确显示,未明确显示,未明确显示,未明确显示,未明确显示,未明确显示,未明确显示,未明确显示,未明确显示,未明确显示,未明确显示,未明确显示
25621,小鹏GX 2026款 纯电 665Max,纯电动,665,665,800V,快充11.7分钟,10-80,磷酸铁锂电池,中创新航,91.9,未明确显示,未明确显示,未明确显示,未明确显示,未明确显示,未明确显示,未明确显示,未明确显示,未明确显示,未明确显示,未明确显示,未明确显示,未明确显示,未明确显示,未明确显示,未明确显示,未明确显示,未明确显示,未明确显示
25621,小鹏GX 2026款 纯电 665Ultra SE,纯电动,665,665,800V,快充11.7分钟,10-80,磷酸铁锂电池,中创新航,91.9,未明确显示,未明确显示,未明确显示,未明确显示,未明确显示,未明确显示,未明确显示,未明确显示,未明确显示,未明确显示,未明确显示,未明确显示,未明确显示,未明确显示,未明确显示,未明确显示,未明确显示,未明确显示,未明确显示
25621,小鹏GX 2026款 纯电 665Ultra,纯电动,665,665,800V,快充11.7分钟,10-80,磷酸铁锂电池,中创新航,91.9,未明确显示,未明确显示,未明确显示,未明确显示,未明确显示,未明确显示,未明确显示,未明确显示,未明确显示,未明确显示,未明确显示,未明确显示,未明确显示,未明确显示,未明确显示,未明确显示,未明确显示,未明确显示,未明确显示
25621,小鹏GX 2026款 纯电 750四驱Ultra旗舰版,纯电动,750,750,800V,快充11.7分钟,10-80,三元锂电池,中创新航,110,未明确显示,纯电动双电机,未明确显示,未明确显示,未明确显示,未明确显示,未明确显示,未明确显示,未明确显示,未明确显示,未明确显示,未明确显示,未明确显示,未明确显示,未明确显示,未明确显示,未明确显示,双电机,前置+后置
9118,智己LS6 2026款 纯电 Max,纯电动,600,600,800V,快充18分钟,10-80,磷酸铁锂电池,中创新航,76,未明确显示,未明确显示,未明确显示,未明确显示,未明确显示,未明确显示,未明确显示,未明确显示,未明确显示,未明确显示,未明确显示,未明确显示,未明确显示,未明确显示,未明确显示,未明确显示,未明确显示,未明确显示,未明确显示
9118,智己LS6 2026款 纯电 Max+,纯电动,600,600,800V,快充12分钟,10-80,磷酸铁锂电池,宁德时代,76,未明确显示,未明确显示,未明确显示,未明确显示,未明确显示,未明确显示,未明确显示,未明确显示,未明确显示,未明确显示,未明确显示,未明确显示,未明确显示,未明确显示,未明确显示,未明确显示,未明确显示,未明确显示,未明确显示
9118,智己LS6 2026款 纯电 Pro Max,纯电动,750,750,800V,快充17分钟,10-80,三元锂电池,宁德时代,103,未明确显示,未明确显示,未明确显示,未明确显示,未明确显示,未明确显示,未明确显示,未明确显示,未明确显示,未明确显示,未明确显示,未明确显示,未明确显示,未明确显示,未明确显示,未明确显示,未明确显示,未明确显示,未明确显示
9118,智己LS6 2026款 纯电 Ultra,纯电动,710,710,未明确显示,快充17分钟,10-80,三元锂电池,宁德时代,103,未明确显示,未明确显示,未明确显示,未明确显示,未明确显示,未明确显示,未明确显示,未明确显示,未明确显示,未明确显示,未明确显示,未明确显示,未明确显示,未明确显示,未明确显示,未明确显示,未明确显示,未明确显示,未明确显示
9118,智己LS6 2026款 纯电 76 Max上汽一亿台限定版,纯电动,600,600,未明确显示,快充12分钟,10-80,磷酸铁锂电池,宁德时代,76,未明确显示,未明确显示,未明确显示,未明确显示,未明确显示,未明确显示,未明确显示,未明确显示,未明确显示,未明确显示,未明确显示,未明确显示,未明确显示,未明确显示,未明确显示,未明确显示,未明确显示,未明确显示,未明确显示
9118,智己LS6 2026款 纯电 103 Max上汽一亿台限定版,纯电动,750,750,800V,快充17分钟,10-80,三元锂电池,宁德时代,103,未明确显示,未明确显示,未明确显示,未明确显示,未明确显示,未明确显示,未明确显示,未明确显示,未明确显示,未明确显示,未明确显示,未明确显示,未明确显示,未明确显示,未明确显示,未明确显示,未明确显示,未明确显示,未明确显示
25072,昊铂HL 2025款 750 Max五座激光雷达版,纯电动,750,750,800V,快充10分钟,30-80,三元锂电池,中创新航,108.35,未明确显示,未明确显示,未明确显示,未明确显示,未明确显示,未明确显示,未明确显示,未明确显示,未明确显示,未明确显示,未明确显示,未明确显示,未明确显示,未明确显示,未明确显示,未明确显示,未明确显示,未明确显示,未明确显示
25072,昊铂HL 2025款 750 Max六座激光雷达版,纯电动,750,750,800V,快充10分钟,30-80,三元锂电池,中创新航,108.35,未明确显示,未明确显示,未明确显示,未明确显示,未明确显示,未明确显示,未明确显示,未明确显示,未明确显示,未明确显示,未明确显示,未明确显示,未明确显示,未明确显示,未明确显示,未明确显示,未明确显示,未明确显示,未明确显示
25072,昊铂HL 2025款 700 Ultra六座四驱激光雷达版,纯电动,700,700,800V,快充10分钟,30-80,三元锂电池,中创新航,108.35,未明确显示,纯电动双电机,未明确显示,未明确显示,未明确显示,未明确显示,未明确显示,未明确显示,未明确显示,未明确显示,未明确显示,未明确显示,未明确显示,未明确显示,未明确显示,未明确显示,未明确显示,双电机,前置+后置
9833,乐道L60 2025款 560km 标准续航版,纯电动,560,560,900V,快充25分钟,10-80,磷酸铁锂电池,弗迪/宁德时代,60,未明确显示,未明确显示,未明确显示,未明确显示,未明确显示,未明确显示,未明确显示,未明确显示,未明确显示,未明确显示,未明确显示,未明确显示,未明确显示,未明确显示,未明确显示,未明确显示,未明确显示,未明确显示,未明确显示
9833,乐道L60 2025款 530km 黑骑士特别版,纯电动,530,530,900V,快充25分钟,10-80,磷酸铁锂电池,弗迪/宁德时代,60,未明确显示,未明确显示,未明确显示,未明确显示,未明确显示,未明确显示,未明确显示,未明确显示,未明确显示,未明确显示,未明确显示,未明确显示,未明确显示,未明确显示,未明确显示,未明确显示,未明确显示,未明确显示,未明确显示
9833,乐道L60 2025款 530km 标准续航四驱版,纯电动,530,530,900V,快充25分钟,10-80,磷酸铁锂电池,弗迪/宁德时代,60,未明确显示,纯电动双电机,未明确显示,未明确显示,未明确显示,未明确显示,未明确显示,未明确显示,未明确显示,未明确显示,未明确显示,未明确显示,未明确显示,未明确显示,未明确显示,未明确显示,未明确显示,双电机,前置+后置
9833,乐道L60 2025款 740km 长续航版,纯电动,740,740,900V,快充25分钟,10-80,三元锂电池,中创新航,85,未明确显示,未明确显示,未明确显示,未明确显示,未明确显示,未明确显示,未明确显示,未明确显示,未明确显示,未明确显示,未明确显示,未明确显示,未明确显示,未明确显示,未明确显示,未明确显示,未明确显示,未明确显示,未明确显示
9833,乐道L60 2025款 707km 长续航四驱版,纯电动,707,707,900V,快充25分钟,10-80,三元锂电池,中创新航,85,未明确显示,纯电动双电机,未明确显示,未明确显示,未明确显示,未明确显示,未明确显示,未明确显示,未明确显示,未明确显示,未明确显示,未明确显示,未明确显示,未明确显示,未明确显示,未明确显示,未明确显示,双电机,前置+后置
9833,乐道L60 2024款 555km 标准续航版,纯电动,555,555,900V,快充25分钟,10-80,磷酸铁锂电池,弗迪/宁德时代,60,未明确显示,未明确显示,未明确显示,未明确显示,未明确显示,未明确显示,未明确显示,未明确显示,未明确显示,未明确显示,未明确显示,未明确显示,未明确显示,未明确显示,未明确显示,未明确显示,未明确显示,未明确显示,未明确显示
9833,乐道L60 2024款 525km 标准续航四驱版,纯电动,525,525,900V,快充25分钟,10-80,磷酸铁锂电池,弗迪/宁德时代,60,未明确显示,纯电动双电机,未明确显示,未明确显示,未明确显示,未明确显示,未明确显示,未明确显示,未明确显示,未明确显示,未明确显示,未明确显示,未明确显示,未明确显示,未明确显示,未明确显示,未明确显示,双电机,前置+后置
9833,乐道L60 2024款 730km 长续航版,纯电动,730,730,900V,快充25分钟,10-80,三元锂电池,中创新航,85,未明确显示,未明确显示,未明确显示,未明确显示,未明确显示,未明确显示,未明确显示,未明确显示,未明确显示,未明确显示,未明确显示,未明确显示,未明确显示,未明确显示,未明确显示,未明确显示,未明确显示,未明确显示,未明确显示
9833,乐道L60 2024款 700km 长续航四驱版,纯电动,700,700,900V,快充25分钟,10-80,三元锂电池,中创新航,85,未明确显示,纯电动双电机,未明确显示,未明确显示,未明确显示,未明确显示,未明确显示,未明确显示,未明确显示,未明确显示,未明确显示,未明确显示,未明确显示,未明确显示,未明确显示,未明确显示,未明确显示,双电机,前置+后置
10136,smart精灵#5 2025款 超长续航豪华四驱版,纯电动,670,670,400V,快充15分钟,10-80,三元锂电池,中创新航,100,未明确显示,纯电动双电机,未明确显示,未明确显示,未明确显示,未明确显示,未明确显示,未明确显示,未明确显示,未明确显示,未明确显示,未明确显示,未明确显示,未明确显示,未明确显示,未明确显示,未明确显示,双电机,前置+后置
10136,smart精灵#5 2025款 BRABUS超能版,纯电动,660,660,400V,快充15分钟,10-80,三元锂电池,中创新航,100,未明确显示,未明确显示,未明确显示,未明确显示,未明确显示,未明确显示,未明确显示,未明确显示,未明确显示,未明确显示,未明确显示,未明确显示,未明确显示,未明确显示,未明确显示,未明确显示,未明确显示,未明确显示,未明确显示
10136,smart精灵#5 2024款 长续航标准版,纯电动,570,570,400V,快充30分钟,10-80,磷酸铁锂电池,衢州极电,76,未明确显示,未明确显示,未明确显示,未明确显示,未明确显示,未明确显示,未明确显示,未明确显示,未明确显示,未明确显示,未明确显示,未明确显示,未明确显示,未明确显示,未明确显示,未明确显示,未明确显示,未明确显示,未明确显示
10136,smart精灵#5 2024款 长续航豪华版,纯电动,570,570,400V,快充30分钟,10-80,磷酸铁锂电池,衢州极电,76,未明确显示,未明确显示,未明确显示,未明确显示,未明确显示,未明确显示,未明确显示,未明确显示,未明确显示,未明确显示,未明确显示,未明确显示,未明确显示,未明确显示,未明确显示,未明确显示,未明确显示,未明确显示,未明确显示
10136,smart精灵#5 2024款 超长续航豪华版,纯电动,740,740,400V,快充15分钟,10-80,三元锂电池,中创新航,100,未明确显示,未明确显示,未明确显示,未明确显示,未明确显示,未明确显示,未明确显示,未明确显示,未明确显示,未明确显示,未明确显示,未明确显示,未明确显示,未明确显示,未明确显示,未明确显示,未明确显示,未明确显示,未明确显示
10136,smart精灵#5 2024款 丛林之境限量版,纯电动,580,580,400V,快充15分钟,10-80,三元锂电池,中创新航,100,未明确显示,未明确显示,未明确显示,未明确显示,未明确显示,未明确显示,未明确显示,未明确显示,未明确显示,未明确显示,未明确显示,未明确显示,未明确显示,未明确显示,未明确显示,未明确显示,未明确显示,未明确显示,未明确显示
25819,与众08 2026款 Pure,纯电动,630,630,800V,快充20分钟,10-80,磷酸铁锂电池,宁德时代,82.37,未明确显示,未明确显示,未明确显示,未明确显示,未明确显示,未明确显示,未明确显示,未明确显示,未明确显示,未明确显示,未明确显示,未明确显示,未明确显示,未明确显示,未明确显示,未明确显示,未明确显示,未明确显示,未明确显示
25819,与众08 2026款 Ultra,纯电动,730,730,800V,快充20分钟,10-80,磷酸铁锂电池,宁德时代,95.04,未明确显示,未明确显示,未明确显示,未明确显示,未明确显示,未明确显示,未明确显示,未明确显示,未明确显示,未明确显示,未明确显示,未明确显示,未明确显示,未明确显示,未明确显示,未明确显示,未明确显示,未明确显示,未明确显示
25819,与众08 2026款 Max,纯电动,700,700,800V,快充20分钟,10-80,磷酸铁锂电池,宁德时代,95.04,未明确显示,未明确显示,未明确显示,未明确显示,未明确显示,未明确显示,未明确显示,未明确显示,未明确显示,未明确显示,未明确显示,未明确显示,未明确显示,未明确显示,未明确显示,未明确显示,未明确显示,未明确显示,未明确显示
8835,红旗天工08 2025款 605 后驱先锋版,纯电动,605,605,400V,快充20分钟,10-80,磷酸铁锂电池,宁德时代/时代一汽,85,未明确显示,纯电动单电机,未明确显示,未明确显示,未明确显示,未明确显示,未明确显示,未明确显示,未明确显示,未明确显示,未明确显示,未明确显示,未明确显示,未明确显示,未明确显示,未明确显示,未明确显示,单电机,后置
8835,红旗天工08 2025款 520 Max后驱版,纯电动,520,520,400V,快充25分钟,10-80,磷酸铁锂电池,弗迪,75,未明确显示,纯电动单电机,未明确显示,未明确显示,未明确显示,未明确显示,未明确显示,未明确显示,未明确显示,未明确显示,未明确显示,未明确显示,未明确显示,未明确显示,未明确显示,未明确显示,未明确显示,单电机,后置
8835,红旗天工08 2025款 605 Max后驱版,纯电动,605,605,400V,快充20分钟,10-80,磷酸铁锂电池,宁德时代/时代一汽,85,未明确显示,纯电动单电机,未明确显示,未明确显示,未明确显示,未明确显示,未明确显示,未明确显示,未明确显示,未明确显示,未明确显示,未明确显示,未明确显示,未明确显示,未明确显示,未明确显示,未明确显示,单电机,后置
8835,红旗天工08 2025款 730 Max后驱版,纯电动,730,730,400V,快充20分钟,10-80,三元锂电池,宁德时代/时代一汽,111,未明确显示,纯电动单电机,未明确显示,未明确显示,未明确显示,未明确显示,未明确显示,未明确显示,未明确显示,未明确显示,未明确显示,未明确显示,未明确显示,未明确显示,未明确显示,未明确显示,未明确显示,单电机,后置
8835,红旗天工08 2025款 565 四驱先锋版,纯电动,565,565,400V,快充20分钟,10-80,磷酸铁锂电池,宁德时代/时代一汽,85,未明确显示,纯电动双电机,未明确显示,未明确显示,未明确显示,未明确显示,未明确显示,未明确显示,未明确显示,未明确显示,未明确显示,未明确显示,未明确显示,未明确显示,未明确显示,未明确显示,未明确显示,双电机,前置+后置
8835,红旗天工08 2025款 565 Ultra四驱版,纯电动,565,565,400V,快充20分钟,10-80,磷酸铁锂电池,宁德时代/时代一汽,85,未明确显示,纯电动双电机,未明确显示,未明确显示,未明确显示,未明确显示,未明确显示,未明确显示,未明确显示,未明确显示,未明确显示,未明确显示,未明确显示,未明确显示,未明确显示,未明确显示,未明确显示,双电机,前置+后置
8835,红旗天工08 2025款 680 Ultra四驱版,纯电动,680,680,400V,快充20分钟,10-80,三元锂电池,宁德时代/时代一汽,111,未明确显示,纯电动双电机,未明确显示,未明确显示,未明确显示,未明确显示,未明确显示,未明确显示,未明确显示,未明确显示,未明确显示,未明确显示,未明确显示,未明确显示,未明确显示,未明确显示,未明确显示,双电机,前置+后置
8835,红旗天工08 2025款 605 后驱智选版,纯电动,605,605,400V,快充20分钟,10-80,磷酸铁锂电池,宁德时代/时代一汽,85,未明确显示,纯电动单电机,未明确显示,未明确显示,未明确显示,未明确显示,未明确显示,未明确显示,未明确显示,未明确显示,未明确显示,未明确显示,未明确显示,未明确显示,未明确显示,未明确显示,未明确显示,单电机,后置
8835,红旗天工08 2025款 730 后驱智选版,纯电动,730,730,400V,快充20分钟,10-80,三元锂电池,宁德时代/时代一汽,111,未明确显示,纯电动单电机,未明确显示,未明确显示,未明确显示,未明确显示,未明确显示,未明确显示,未明确显示,未明确显示,未明确显示,未明确显示,未明确显示,未明确显示,未明确显示,未明确显示,未明确显示,单电机,后置
8835,红旗天工08 2025款 565 四驱智选版,纯电动,565,565,400V,快充20分钟,10-80,磷酸铁锂电池,宁德时代/时代一汽,85,未明确显示,纯电动双电机,未明确显示,未明确显示,未明确显示,未明确显示,未明确显示,未明确显示,未明确显示,未明确显示,未明确显示,未明确显示,未明确显示,未明确显示,未明确显示,未明确显示,未明确显示,双电机,前置+后置
8835,红旗天工08 2025款 680 四驱智选版,纯电动,680,680,400V,快充20分钟,10-80,三元锂电池,宁德时代/时代一汽,111,未明确显示,纯电动双电机,未明确显示,未明确显示,未明确显示,未明确显示,未明确显示,未明确显示,未明确显示,未明确显示,未明确显示,未明确显示,未明确显示,未明确显示,未明确显示,未明确显示,未明确显示,双电机,前置+后置
4980,飞凡R7 2025款 长续版,纯电动,730,730,未明确显示,快充30分钟 慢充14小时,30-80,三元锂电池,上汽时代,90,未明确显示,未明确显示,未明确显示,未明确显示,未明确显示,未明确显示,未明确显示,未明确显示,未明确显示,未明确显示,未明确显示,未明确显示,未明确显示,未明确显示,未明确显示,未明确显示,未明确显示,未明确显示,未明确显示
25816,星途EX7 2026款 纯电 两驱Max 77kWh,纯电动,600,600,400V,快充9分钟 慢充13.5小时,30-80,磷酸铁锂电池,宁德时代,77.01,138.2,未明确显示,未明确显示,未明确显示,未明确显示,未明确显示,未明确显示,未明确显示,未明确显示,未明确显示,未明确显示,未明确显示,未明确显示,未明确显示,未明确显示,未明确显示,未明确显示,未明确显示,未明确显示
25816,星途EX7 2026款 纯电 两驱Max 100kWh,纯电动,726,726,400V,快充15分钟 慢充16.5小时,30-80,三元锂电池,宁德时代,100.26,190.0,未明确显示,未明确显示,未明确显示,未明确显示,未明确显示,未明确显示,未明确显示,未明确显示,未明确显示,未明确显示,未明确显示,未明确显示,未明确显示,未明确显示,未明确显示,未明确显示,未明确显示,未明确显示
25816,星途EX7 2026款 纯电 四驱Ultra 100kWh,纯电动,682,682,400V,快充15分钟 慢充16.5小时,30-80,三元锂电池,宁德时代,100.26,190.0,纯电动双电机,未明确显示,未明确显示,未明确显示,未明确显示,未明确显示,未明确显示,未明确显示,未明确显示,未明确显示,未明确显示,未明确显示,未明确显示,未明确显示,未明确显示,未明确显示,双电机,前置+后置
5461,小鹏G9 2026款 625 Max,纯电动,625,625,800V,快充12分钟,10-80,磷酸铁锂电池,中创新航,79.1,未明确显示,未明确显示,未明确显示,未明确显示,未明确显示,未明确显示,未明确显示,未明确显示,未明确显示,未明确显示,未明确显示,未明确显示,未明确显示,未明确显示,未明确显示,未明确显示,未明确显示,未明确显示,未明确显示
5461,小鹏G9 2026款 725 Max,纯电动,725,725,800V,快充12分钟,10-80,磷酸铁锂电池,中创新航,93.1,未明确显示,未明确显示,未明确显示,未明确显示,未明确显示,未明确显示,未明确显示,未明确显示,未明确显示,未明确显示,未明确显示,未明确显示,未明确显示,未明确显示,未明确显示,未明确显示,未明确显示,未明确显示,未明确显示
5461,小鹏G9 2026款 680 四驱 Max,纯电动,680,680,800V,快充12分钟,10-80,磷酸铁锂电池,中创新航,93.1,未明确显示,纯电动双电机,未明确显示,未明确显示,未明确显示,未明确显示,未明确显示,未明确显示,未明确显示,未明确显示,未明确显示,未明确显示,未明确显示,未明确显示,未明确显示,未明确显示,未明确显示,双电机,前置+后置
5461,小鹏G9 2025款 625长续航Max,纯电动,625,625,800V,快充12分钟,10-80,磷酸铁锂电池,中创新航,79.1,未明确显示,未明确显示,未明确显示,未明确显示,未明确显示,未明确显示,未明确显示,未明确显示,未明确显示,未明确显示,未明确显示,未明确显示,未明确显示,未明确显示,未明确显示,未明确显示,未明确显示,未明确显示,未明确显示
5461,小鹏G9 2025款 725超长续航Max,纯电动,725,725,800V,快充12分钟,10-80,磷酸铁锂电池,中创新航,93.1,未明确显示,未明确显示,未明确显示,未明确显示,未明确显示,未明确显示,未明确显示,未明确显示,未明确显示,未明确显示,未明确显示,未明确显示,未明确显示,未明确显示,未明确显示,未明确显示,未明确显示,未明确显示,未明确显示
5461,小鹏G9 2025款 680超长续航四驱Max,纯电动,680,680,800V,快充12分钟,10-80,磷酸铁锂电池,中创新航,93.1,未明确显示,纯电动双电机,未明确显示,未明确显示,未明确显示,未明确显示,未明确显示,未明确显示,未明确显示,未明确显示,未明确显示,未明确显示,未明确显示,未明确显示,未明确显示,未明确显示,未明确显示,双电机,前置+后置
25557,理想i6 2025款 两驱 标准版,纯电动,720,720,800V,快充15分钟,10-95,磷酸铁锂电池,宁德时代/欣旺达,87.3,未明确显示,未明确显示,未明确显示,未明确显示,未明确显示,未明确显示,未明确显示,未明确显示,未明确显示,未明确显示,未明确显示,未明确显示,未明确显示,未明确显示,未明确显示,未明确显示,未明确显示,未明确显示,未明确显示
25557,理想i6 2025款 四驱 标准版,纯电动,660,660,800V,快充15分钟,10-95,磷酸铁锂电池,宁德时代,87.3,未明确显示,纯电动双电机,未明确显示,未明确显示,未明确显示,未明确显示,未明确显示,未明确显示,未明确显示,未明确显示,未明确显示,未明确显示,未明确显示,未明确显示,未明确显示,未明确显示,未明确显示,双电机,前置+后置
25718,零跑D19 2026款 纯电620智尊版 六座,纯电动,620,620,800V,快充15分钟 慢充8.8小时,30-80,磷酸铁锂电池,宁德时代,99.6,未明确显示,未明确显示,未明确显示,未明确显示,未明确显示,未明确显示,未明确显示,未明确显示,未明确显示,未明确显示,未明确显示,未明确显示,未明确显示,未明确显示,未明确显示,未明确显示,未明确显示,未明确显示,未明确显示
25718,零跑D19 2026款 纯电720智尊版 六座,纯电动,720,720,800V,快充15分钟 慢充10小时,30-80,磷酸铁锂电池+三元锂电池,宁德时代,115,170.0,未明确显示,未明确显示,未明确显示,未明确显示,未明确显示,未明确显示,未明确显示,未明确显示,未明确显示,未明确显示,未明确显示,未明确显示,未明确显示,未明确显示,未明确显示,未明确显示,未明确显示,未明确显示
25718,零跑D19 2026款 纯电720智尊版 七座,纯电动,720,720,800V,快充15分钟 慢充10小时,30-80,磷酸铁锂电池+三元锂电池,宁德时代,115,170.0,未明确显示,未明确显示,未明确显示,未明确显示,未明确显示,未明确显示,未明确显示,未明确显示,未明确显示,未明确显示,未明确显示,未明确显示,未明确显示,未明确显示,未明确显示,未明确显示,未明确显示,未明确显示
25718,零跑D19 2026款 纯电680三电机性能版 六座,纯电动,680,680,800V,快充15分钟 慢充10小时,30-80,磷酸铁锂电池+三元锂电池,宁德时代,115,170.0,纯电动三电机,未明确显示,未明确显示,未明确显示,未明确显示,未明确显示,未明确显示,未明确显示,未明确显示,未明确显示,未明确显示,未明确显示,未明确显示,未明确显示,未明确显示,未明确显示,三电机,前置+后置
10178,理想i8 2025款 标准版,纯电动,720,720,800V,快充11分钟 慢充17小时,10-80,三元锂电池,宁德时代,97.8,未明确显示,未明确显示,未明确显示,未明确显示,未明确显示,未明确显示,未明确显示,未明确显示,未明确显示,未明确显示,未明确显示,未明确显示,未明确显示,未明确显示,未明确显示,未明确显示,未明确显示,未明确显示,未明确显示
